INSERT INTO `contracts` (`id`, `date`, `name_on_disk`, `status`, `performer_id`, `studio_id`) VALUES
(1, 1322686951, 'd8d7bf028cf8c900ec609ef5660bb986.pdf', 'approved', 1, NULL),
(2, 1322687028, '296d26603cbe79802f4f02b99c860d5c.pdf', 'approved', 2, NULL),
(3, 1322687101, '5eb6cfa87a45c00c2af89f50eda64a3d.pdf', 'approved', 3, NULL),
(4, 1322687173, '461b8e1284beffd17d3fbe70943456c2.pdf', 'approved', 4, NULL),
(5, 1322687265, 'e10e527f13e6bb14cb851ca4a6fdaf37.pdf', 'approved', 5, NULL),
(6, 1322687341, 'a4c3ef776ed141b2ad9144e3fa384ddf.pdf', 'approved', 6, NULL),
(7, 1322687400, '3d373e73ccced773557199bcc19bd488.pdf', 'approved', 7, NULL),
(8, 1322687470, 'b0a767c260b10892265e2727a83419c9.pdf', 'approved', 8, NULL),
(9, 1322687543, '24b784996df6a714e09e2a92e93f25c3.pdf', 'approved', 9, NULL),
(10, 1322687640, '68dd5689e3bc80ea7f63f2ea69653fa5.pdf', 'approved', 10, NULL),
(11, 1322688094, 'b0c4753a48fdeff29f7e30eac13987cd.pdf', 'approved', 11, NULL),
(12, 1322688167, '6ac6aeec563e1440b4ea1bb53226070b.pdf', 'approved', 12, NULL),
(13, 1322688243, '738735045a06ac6eddf2c22cad0c68d3.pdf', 'approved', 13, NULL),
(14, 1322688309, 'c7d24282078ae26740d405b3fd6e93fa.pdf', 'approved', 14, NULL),
(15, 1322688374, '7dd2e6926cce7cadbd404180c21cf6ee.pdf', 'approved', 15, NULL);


INSERT INTO `performers` (`id`, `username`, `password`, `hash`, `email`, `nickname`, `first_name`, `last_name`, `status`, `avatar`, `register_date`, `register_ip`, `country_code`, `is_online`, `is_online_hd`, `is_online_type`, `is_in_private`, `enable_peek_mode`, `max_nude_watchers`, `is_imported`, `is_imported_id`, `is_imported_category_id`, `contract_status`, `photo_id_status`, `address`, `state`, `city`, `zip`, `phone`, `country`, `true_private_chips_price`, `private_chips_price`, `nude_chips_price`, `peek_chips_price`, `paid_photo_gallery_price`, `website_percentage`, `fms_id`, `studio_id`, `register_step`, `payment`, `account`, `release`, `credits`) VALUES
(1, 'sample1', '31619fc8ff368060e9e3f8435828500f7425f4edb2905631e5cb6c72eafb36c7', '97830f6b2faac2912dc1b02b77f2ad54167dade7', 'sample1@sample1.com', 'Sample1', 'sample1', 'sample1', 'approved', 'c2630d34abca3eed4ee9ed7a9a02df93.jpg', 1322686951, 1348550660, 'RO', 0, 0, NULL, 0, 0, 5, 0, NULL, NULL, 'approved', 'approved', 'sample1', 'state', 'sample1', 'sample1', '23452345235', 'AF', '100.00', '100.00', '100.00', '100.00', '100.00', 50.00, NULL, NULL, 6, 1, '', '100.00', '0.00'),
(2, 'sample2', '4ebbf869d7742e635e0f2be32edb169cadfa6ba7669cf6dd70a26a80fdbd52cf', '132441114da06d3b2266d98270c131fe643b388f', 'sample2@sample2.com', 'Sample2', 'sample2', 'sample2', 'approved', '12493640474747cd13f69ce9f0bcd0cb.jpg', 1322687028, 1348550660, 'RO', 0, 0, NULL, 0, 0, 5, 0, NULL, NULL, 'approved', 'approved', 'sample2', 'state', 'sample2', 'sample2', '23452345235', 'AF', '100.00', '100.00', '100.00', '100.00', '100.00', 50.00, NULL, NULL, 6, 1, '', '100.00', '0.00'),
(3, 'sample3', '1a5c32b1fd57a68125edd28308ffe4741650dca910d91a6f056614af97da564e', '46fe6c7fa63fbeda0978e3607ef932ef6eecb7c2', 'sample3@sample3.com', 'Sample3', 'sample3', 'sample3', 'approved', 'e1b727cdac41a5530d0d53fab67b25d1.jpg', 1322687101, 1348550660, 'RO', 0, 0, NULL, 0, 0, 5, 0, NULL, NULL, 'approved', 'approved', 'sample3', 'state', 'sample3', 'sample3', '234234234234', 'AF', '100.00', '100.00', '100.00', '100.00', '100.00', 50.00, NULL, NULL, 6, 1, '', '100.00', '0.00'),
(4, 'sample4', '0303a728e614ca84e33ac077210b55cdfaf001c2fc93bd2f6451660311a06632', '2c15b0a7256365a15d1ed462bbffac0ed197fce0', 'sample4@sample4.com', 'Sample4', 'sample4', 'sample4', 'approved', '156e28b61ed397d9ad7aed47cc82645b.jpg', 1322687173, 1348550660, 'RO', 0, 0, NULL, 0, 0, 5, 0, NULL, NULL, 'approved', 'approved', 'sample4', 'state', 'sample4', 'sample4', '23452352345', 'AF', '100.00', '100.00', '100.00', '100.00', '100.00', 50.00, NULL, NULL, 6, 1, '', '100.00', '0.00'),
(5, 'sample5', 'c7df1bb0f4d3e3009ec6ae77991cf51c6cf82cc594631524536ee752ce150f1f', 'b0a97cef1edeada05be91dd3a3f438786b722881', 'sample5@sample5.com', 'Sample5', 'sample5', 'sample5', 'approved', 'd6532725580b78b8b858209a2453d7f7.jpg', 1322687265, 1348550660, 'RO', 0, 0, NULL, 0, 0, 5, 0, NULL, NULL, 'approved', 'approved', 'sample5', 'state', 'sample5', 'sample5', '23452345235', 'AF', '100.00', '100.00', '100.00', '100.00', '100.00', 50.00, NULL, NULL, 6, 1, '', '100.00', '0.00'),
(6, 'sample6', 'c4d6f2d0842cebbecd8b5f7a6281203cb2f4406fcd4567672c7cc9f2f218e653', '5407e1f0616b63df9549063c82e4f1329be9b9c1', 'sample6@sample6.com', 'sample6', 'sample6', 'sample6', 'approved', '30102f51cd5d360a47222f26bc61125b.jpg', 1322687341, 1348550660, 'RO', 0, 0, NULL, 0, 0, 5, 0, NULL, NULL, 'approved', 'approved', 'sample6', 'state', 'sample6', 'sample6', '234523452345234', 'AF', '100.00', '100.00', '100.00', '100.00', '100.00', 50.00, NULL, NULL, 6, 1, '', '100.00', '0.00'),
(7, 'sample7', '9d6dc74b1d044a89ff618831eb1b2e3b485c6112cbfe7e35deb09d243211eeac', '0fae9d120f5f8eee6ea01883f6a3d946c7a6e534', 'sample7@sample7.com', 'Sample7', 'sample7', 'sample7', 'approved', 'ed7bd74c04e89d8a5eb5c8229e7dcf7d.jpg', 1322687400, 1348550660, 'RO', 0, 0, NULL, 0, 0, 5, 0, NULL, NULL, 'approved', 'approved', 'sample7', 'state', 'sample7', 'sample7', '3454325435345', 'AF', '100.00', '100.00', '100.00', '100.00', '100.00', 50.00, NULL, NULL, 6, 1, '', '100.00', '0.00'),
(8, 'sample8', '34a7beb0c92f3aebda21f2b6edc3c8f6e9fdf9d40647d454983d9e6c03f52bff', '79dd189ed05774c098a3037a640cfd1a80975db8', 'sample8@sample8.com', 'Sample8', 'sample8', 'sample8', 'approved', 'e83c019a6247fc253cbcd1ffa8db165e.jpg', 1322687470, 1348550660, 'RO', 0, 0, NULL, 0, 0, 5, 0, NULL, NULL, 'approved', 'approved', 'sample8', 'state', 'sample8', 'sample8', '45234523452345', 'AF', '100.00', '100.00', '100.00', '100.00', '100.00', 50.00, NULL, NULL, 6, 1, '', '100.00', '0.00'),
(9, 'sample9', '30deb7bd8c7e65061fd89209401bca26ab595c7864d8e41f1ac6ac588daa34b8', '4a323f03195f6be687c0d75bd5c4e05d61e2ea47', 'sample9@sample9.com', 'Sample9', 'sample9', 'sample9', 'approved', 'c21bac4e1ba81a20740dc7c92e984214.jpg', 1322687543, 1348550660, 'RO', 0, 0, NULL, 0, 0, 5, 0, NULL, NULL, 'approved', 'approved', 'sample9', 'state', 'sample9', 'sample9', '234523452345234', 'AF', '100.00', '100.00', '100.00', '100.00', '100.00', 50.00, NULL, NULL, 6, 1, '', '100.00', '0.00'),
(10, 'sample10', '82bc404411231b58ea7e7cb87e197d97d20f5215782f65660a266b4e819dd4f5', '87a69d834f8a5b944ea00de86beccbc93c7f5d2b', 'sample10@sample10.com', 'Sample10', 'sample10', 'sample10', 'approved', '34b0826c65ab00b27740878435b7f41c.jpg', 1322687640, 1348550660, 'RO', 0, 0, NULL, 0, 0, 5, 0, NULL, NULL, 'approved', 'approved', 'sample10', 'state', 'sample10', 'sample10', '42542352345345', 'AF', '100.00', '100.00', '100.00', '100.00', '100.00', 50.00, NULL, NULL, 6, 1, '', '100.00', '0.00'),
(11, 'sample11', 'a7f66e6d2d3791031cb61e9064cd824752c1be19dc15cd0afb1bc7075186cb16', '16cd8410bc16a3b1d35436b6ff48528ee7fd76ed', 'sample11@sample11.com', 'Sample11', 'sample11', 'sample11', 'approved', 'e1535bc81c847be4b7215340c80b5812.jpg', 1322688094, 1348550660, 'RO', 0, 0, NULL, 0, 0, 5, 0, NULL, NULL, 'approved', 'approved', 'sample11', 'state', 'sample11', 'sample11', '24352345234', 'AF', '100.00', '100.00', '100.00', '100.00', '100.00', 50.00, NULL, NULL, 6, 1, '', '100.00', '0.00'),
(12, 'sample12', '61b5f504b1a845062bb431c9b3740afd586037a209b463649712ea89e036658e', 'fc47c87122885a1a2b9942a6e579fa44d0fc7953', 'sample12@sample12.com', 'Sample12', 'sample12', 'sample12', 'approved', 'e8f2f3b750cd31a8a638652b4b24d6ce.jpg', 1322688167, 1348550660, 'RO', 0, 0, NULL, 0, 0, 5, 0, NULL, NULL, 'approved', 'approved', 'sample12', 'state', 'sample12', 'sample12', '24523452345', 'AF', '100.00', '100.00', '100.00', '100.00', '100.00', 50.00, NULL, NULL, 6, 1, '', '100.00', '0.00'),
(13, 'sample13', '3b6dd8078c1aaa82f7d374088c1dcf4dc2fc674663ca87232ea54b4e434c41a5', '7c5d50e6be411c531902c57ff6421c413268557a', 'sample13@sample13.com', 'Sample13', 'sample13', 'sample13', 'approved', 'cc7b9c0743b5d6c4542aa35b58f148a9.jpg', 1322688243, 1348550660, 'RO', 0, 0, NULL, 0, 0, 5, 0, NULL, NULL, 'approved', 'approved', 'sample13', 'state', 'sample13', 'sample13', '234523452345', 'AF', '100.00', '100.00', '100.00', '100.00', '100.00', 50.00, NULL, NULL, 6, 1, '', '100.00', '0.00'),
(14, 'sample14', 'cd0dd76fa4e13282db711a26ec86ac0f661e98df2fbeee379e5bef61da85b428', 'dc05b7f5fcd32e04308fb1ec957ae72efe90ab9b', 'sample14@sample14.com', 'Sample14', 'sample14', 'sample14', 'approved', '55c97b0b09a7372d8b0dd09400bb1114.jpg', 1322688309, 1348550660, 'RO', 0, 0, NULL, 0, 0, 5, 0, NULL, NULL, 'approved', 'approved', 'sample14', 'state', 'sample14', 'sample14', '214524352345', 'AF', '100.00', '100.00', '100.00', '100.00', '100.00', 50.00, NULL, NULL, 6, 1, '', '100.00', '0.00'),
(15, 'sample15', '81e97305623490d14772d058280d8c4cd3d3ab7268870fb3b2abfd23379cee20', '1baa6445bd1fc87ebbc2a8f04589d8cb06ff44c7', 'sample15@sample15.com', 'Sample15', 'sample15', 'sample15', 'approved', '2aeea00ec18dc11d7038e457df2d404a.jpg', 1322688374, 1348550660, 'RO', 0, 0, NULL, 0, 0, 5, 0, NULL, NULL, 'approved', 'approved', 'sample15', 'state', 'sample15', 'sample15', '234523452345', 'AF', '100.00', '100.00', '100.00', '100.00', '100.00', 50.00, NULL, NULL, 6, 1, '', '100.00', '0.00');

INSERT INTO `performers_categories` (`performers_categories_id`, `performer_id`, `category_id`) VALUES
(1, 1, 1),
(2, 1, 5),
(3, 1, 7),
(4, 2, 1),
(5, 2, 5),
(6, 2, 7),
(7, 3, 1),
(8, 3, 5),
(9, 3, 7),
(10, 4, 1),
(11, 4, 5),
(12, 4, 7),
(13, 5, 1),
(14, 5, 5),
(15, 5, 7),
(16, 6, 1),
(17, 6, 5),
(18, 6, 8),
(19, 7, 1),
(20, 7, 5),
(21, 7, 7),
(22, 8, 1),
(23, 8, 5),
(24, 8, 7),
(25, 9, 1),
(26, 9, 5),
(27, 9, 7),
(28, 10, 1),
(29, 10, 5),
(30, 10, 7),
(31, 11, 1),
(32, 11, 5),
(33, 11, 7),
(34, 12, 1),
(35, 12, 5),
(36, 12, 7),
(37, 13, 1),
(38, 13, 5),
(39, 13, 7),
(40, 14, 1),
(41, 14, 5),
(42, 14, 7),
(43, 15, 1),
(44, 15, 5),
(45, 15, 7);



INSERT INTO `performers_languages` (`language_id`, `language_code`, `performer_id`) VALUES
(1, 'en', 1),
(2, 'en', 2),
(3, 'en', 3),
(4, 'en', 4),
(5, 'en', 5),
(6, 'en', 6),
(7, 'en', 7),
(8, 'en', 8),
(9, 'en', 9),
(10, 'en', 10),
(11, 'en', 11),
(12, 'en', 12),
(13, 'en', 13),
(14, 'en', 14),
(15, 'en', 15);

INSERT INTO `performers_photos` (`photo_id`, `title`, `name_on_disk`, `add_date`, `main_photo`, `is_paid`, `performer_id`) VALUES
(1, 'Avatar', 'c2630d34abca3eed4ee9ed7a9a02df93.jpg', 1322687002, 1, 0, 1),
(2, 'Avatar', '12493640474747cd13f69ce9f0bcd0cb.jpg', 1322687076, 1, 0, 2),
(3, 'Avatar', 'e1b727cdac41a5530d0d53fab67b25d1.jpg', 1322687148, 1, 0, 3),
(4, 'Avatar', '156e28b61ed397d9ad7aed47cc82645b.jpg', 1322687240, 1, 0, 4),
(5, 'Avatar', 'd6532725580b78b8b858209a2453d7f7.jpg', 1322687312, 1, 0, 5),
(6, 'Avatar', '30102f51cd5d360a47222f26bc61125b.jpg', 1322687380, 1, 0, 6),
(7, 'Avatar', 'ed7bd74c04e89d8a5eb5c8229e7dcf7d.jpg', 1322687447, 1, 0, 7),
(8, 'Avatar', 'e83c019a6247fc253cbcd1ffa8db165e.jpg', 1322687519, 1, 0, 8),
(9, 'Avatar', 'c21bac4e1ba81a20740dc7c92e984214.jpg', 1322687591, 1, 0, 9),
(10, 'Avatar', '34b0826c65ab00b27740878435b7f41c.jpg', 1322687684, 1, 0, 10),
(11, 'Avatar', 'e1535bc81c847be4b7215340c80b5812.jpg', 1322688136, 1, 0, 11),
(12, 'Avatar', 'e8f2f3b750cd31a8a638652b4b24d6ce.jpg', 1322688224, 1, 0, 12),
(13, 'Avatar', 'cc7b9c0743b5d6c4542aa35b58f148a9.jpg', 1322688280, 1, 0, 13),
(14, 'Avatar', '55c97b0b09a7372d8b0dd09400bb1114.jpg', 1322688354, 1, 0, 14),
(15, 'Avatar', '2aeea00ec18dc11d7038e457df2d404a.jpg', 1322688435, 1, 0, 15),
(16, '', '63adf28f31d52edf36348a2bd15e562e.jpg', 1322688612, 0, 0, 1),
(17, '', '30935b01714b559d7c44e1577d8387b0.jpg', 1322688618, 0, 0, 1),
(18, '', '084b20cdc369c8f9f3c24da5a2f8c922.jpg', 1322688623, 0, 0, 1),
(19, '', 'd6c42b78601903abeb271204e8a8a203.jpg', 1322688638, 0, 0, 1),
(20, '', 'c8d985836af28585ed73e0ec384e2868.jpg', 1322688647, 0, 0, 1),
(21, '', '08f897fce7b6a08bc40ef967a382c5ee.jpg', 1322688682, 0, 0, 2),
(22, '', 'ff6ca7e244737cdc53ea4475f2b34341.jpg', 1322688688, 0, 0, 2),
(23, '', '972f83c1d1d1d3938a35cea01bdfdaa5.jpg', 1322688700, 0, 0, 2),
(24, '', '6c46ff04f29922050717525de412f620.jpg', 1322688709, 0, 0, 2),
(25, '', 'eafe66f41871b91de78463d8d606c4c0.jpg', 1322688715, 0, 0, 2),
(26, '', '2507b726fa560698b2b8932745cfd12e.jpg', 1322688732, 0, 0, 3),
(27, '', '17afbd41d81d55dc103e58e4de0f709a.jpg', 1322688740, 0, 0, 3),
(28, '', 'e97b8495cdf110528506fd8db50b2e6c.jpg', 1322688745, 0, 0, 3),
(29, '', '08cbf8c896266152bc4d3c172f0fb5dd.jpg', 1322688751, 0, 0, 3),
(30, '', '3788ecb70a012b60a5f72748272135d2.jpg', 1322688756, 0, 0, 3),
(31, '', '23e89f37ee05b26b03b321d00c1d1418.jpg', 1322688771, 0, 0, 4),
(32, '', 'e9ae7b93e0c6dd68ad20ded615d8eb8a.jpg', 1322688776, 0, 0, 4),
(33, '', '80a48eca560335a0170a77688188f7e6.jpg', 1322688782, 0, 0, 4),
(34, '', '59f463adc683ce30fcb0e891c781b01b.jpg', 1322688787, 0, 0, 4),
(35, '', '12d32257e010b5b745fe7e557f556d2e.jpg', 1322688792, 0, 0, 4),
(36, '', 'cefa95c027695be40cc07231a2b7dd00.jpg', 1322688807, 0, 0, 5),
(37, '', '4d63b8e298a6cc24b019005731dfa494.jpg', 1322688811, 0, 0, 5),
(38, '', '5a6368eba15974701281b66c4d8f0898.jpg', 1322688816, 0, 0, 5),
(39, '', '89aea296f2a6689f296d5eec9f366d73.jpg', 1322688823, 0, 0, 5),
(40, '', '910dff53aca1ff8f98c6c4dd5beca5d4.jpg', 1322688831, 0, 0, 5),
(41, '', '7182335e211848998e1933f3e225e9f7.jpg', 1322688846, 0, 0, 6),
(42, '', '89703bc79f165445b94ba4b84285c4ad.jpg', 1322688854, 0, 0, 6),
(43, '', '25663b0906714d8ad13639334fe68d52.jpg', 1322688860, 0, 0, 6),
(44, '', '0677bf54248b22360f20751ad2bd0c7a.jpg', 1322688865, 0, 0, 6),
(45, '', 'd92855f907875eaf07bae3cca011fbe0.jpg', 1322688874, 0, 0, 6),
(46, '', '4360e0d72ecaef754e3b431c8c38803f.jpg', 1322688894, 0, 0, 7),
(47, '', 'd2f29ffb4c629e75901b0d3c1a454f45.jpg', 1322688901, 0, 0, 7),
(48, '', 'c7b7262be0c85732378a9b5f709af238.jpg', 1322688906, 0, 0, 7),
(49, '', '0e3a1c17f836b2aee928c644a67e01a7.jpg', 1322688913, 0, 0, 7),
(50, '', '42342af4ecbd554248e3f67f4cde2a56.jpg', 1322688918, 0, 0, 7),
(51, '', 'c6be1e79957ac9553979961f751323ef.jpg', 1322688955, 0, 0, 8),
(52, '', '46a81d3e0be5ba4a375419f1cb9325ad.jpg', 1322688960, 0, 0, 8),
(53, '', '9f5c59a0f109eb5fa4a62275a7f98b26.jpg', 1322688967, 0, 0, 8),
(54, '', '2a15903754d724ed4698796ca8d11f79.jpg', 1322688976, 0, 0, 8),
(55, '', '1d9e9b24465a1f6efd395f923a149cdb.jpg', 1322688982, 0, 0, 8),
(56, '', '08a33d2814a65f2715a4446ce69130aa.jpg', 1322689022, 0, 0, 9),
(57, '', '4b1fe3b42e522d550a1e325f3cc1bbc5.jpg', 1322689029, 0, 0, 9),
(58, '', '6beea173e5d33a9111941b70d75caeed.jpg', 1322689041, 0, 0, 9),
(59, '', 'c96ef14822c789dcfbfd9ad757fd2925.jpg', 1322689050, 0, 0, 9),
(60, '', '03e84846f93f73f01630f968127e2fbd.jpg', 1322689057, 0, 0, 9),
(61, '', '0fbf3b7ec749c23fe58610b349f2e230.jpg', 1322689074, 0, 0, 10),
(62, '', 'fd22ee6f8dc33b72258a5cb05e32caed.jpg', 1322689080, 0, 0, 10),
(63, '', 'a28a82ba61db79b1da3dc375a505cb4e.jpg', 1322689086, 0, 0, 10),
(64, '', '13c1d85875ef16a16d6febbff2bee0ee.jpg', 1322689093, 0, 0, 10),
(65, '', 'f15b963b0c3d9fc2c10a9b692081e5b4.jpg', 1322689100, 0, 0, 10),
(66, '', '005998418662200b7d1a232b23878b05.jpg', 1322689115, 0, 0, 11),
(67, '', '9d5ec7773ceea39049830904a87e9ac5.jpg', 1322689122, 0, 0, 11),
(68, '', 'bea908c6772632513ff14e82932bcc23.jpg', 1322689127, 0, 0, 11),
(69, '', 'b214e9e1fe24512523590396f458f690.jpg', 1322689132, 0, 0, 11),
(70, '', '391a13ed10bd755db858b255d9451bd7.jpg', 1322689141, 0, 0, 11),
(71, '', 'd8d2753215933208ea88cf64c7f69675.jpg', 1322689161, 0, 0, 12),
(72, '', '5eb6ef34ecb713f046eb373eff010cfd.jpg', 1322689167, 0, 0, 12),
(73, '', '883a5b70fe1715af3ddaf03636708e58.jpg', 1322689177, 0, 0, 12),
(74, '', '2f94de63dae118c8fcce9f9814adff7e.jpg', 1322689185, 0, 0, 12),
(75, '', 'ee7c51adb5d8830a3290fb5d5b14f929.jpg', 1322689190, 0, 0, 12),
(76, '', 'c802d9f1f74b53aee4fcd609bc53682f.jpg', 1322689208, 0, 0, 13),
(77, '', '1d3372a8c330e10f496acb467ade9fcc.jpg', 1322689214, 0, 0, 13),
(78, '', 'b9e1daae78f5d26e0daa65e310915344.jpg', 1322689219, 0, 0, 13),
(79, '', '12c560e73af95f62f01cee503932d983.jpg', 1322689224, 0, 0, 13),
(80, '', 'f3d12809b89d335517911f60c3a4bff1.jpg', 1322689232, 0, 0, 13),
(81, '', '4650ae88eee3a2b1b2e18926a49ddfd1.jpg', 1322689277, 0, 0, 14),
(82, '', '0274857366fa2c1906251d9304b9d053.jpg', 1322689283, 0, 0, 14),
(83, '', '2d252fe215b681db1b4a3f4ea3796851.jpg', 1322689297, 0, 0, 14),
(84, '', '9101390309086a5e0f8b0c1ee634b49c.jpg', 1322689305, 0, 0, 14),
(85, '', '8bdb101de9c6b1ad80b6e5b84a3c9688.jpg', 1322689311, 0, 0, 14),
(86, '', '5ded0eee44c2a6b4ebb56173ab63ba95.jpg', 1322689328, 0, 0, 15),
(87, '', '6182f319756354fef95435d13ae610b5.jpg', 1322689333, 0, 0, 15),
(88, '', 'e26ff0d4ebcf18eeb5e3e320dd7dd3a0.jpg', 1322689341, 0, 0, 15),
(89, '', '0b4da76b3742e2e55c7c8f31d334538a.jpg', 1322689346, 0, 0, 15),
(90, '', '820a7cb91703371a585889d72b011a21.jpg', 1322689352, 0, 0, 15);


INSERT INTO `performers_photo_id` (`id`, `date`, `name_on_disk`, `status`, `performer_id`) VALUES
(1, 1322686951, '674e77f288f92fb234c836f213e12b9b.pdf', 'approved', 1),
(2, 1322687028, '573e9948782a566e325a005551831187.pdf', 'approved', 2),
(3, 1322687101, '30406031fd52188fda9dc6ce7a82726e.pdf', 'approved', 3),
(4, 1322687173, '61d511176e75f4463e3f73270485a237.pdf', 'approved', 4),
(5, 1322687265, '667e106a388f98f91c7382e46444ac7c.pdf', 'approved', 5),
(6, 1322687341, '7b70110dcb5ca4672e46d9feba06bcd2.pdf', 'approved', 6),
(7, 1322687400, 'dc6510b0fa5a4575e089f99fc9fbe95e.pdf', 'approved', 7),
(8, 1322687470, 'f9a917189da96e92bb65b4235c3978b4.pdf', 'approved', 8),
(9, 1322687543, 'd64b11934981a7183e476e53fff66ac2.pdf', 'approved', 9),
(10, 1322687640, 'b15d1510b4a3820964e9cb5dcc22bd67.pdf', 'approved', 10),
(11, 1322688094, 'e518fea38f885a4b8bfe8778efb182c4.pdf', 'approved', 11),
(12, 1322688167, '9e3a6683615474ebb7117df8a7b0f6b3.pdf', 'approved', 12),
(13, 1322688243, '0111969c3e4359c208a04e99d6737cce.pdf', 'approved', 13),
(14, 1322688309, 'af8b3416438623fdebf1db56210349f1.pdf', 'approved', 14),
(15, 1322688374, '7d3353ae84ec3adaf9b07af4d6a5b014.pdf', 'approved', 15);


INSERT INTO `performers_profile` (`performer_id`, `gender`, `description`, `what_turns_me_on`, `what_turns_me_off`, `sexual_prefference`, `ethnicity`, `height`, `weight`, `hair_color`, `hair_length`, `eye_color`, `build`, `birthday`, `cup_size`) VALUES
(1, 'female', 'sample1 sample1 sample1 sample1 sample1 sample1 sample1 sample1 sample1 sample1 sample1 sample1 sample1 sample1 sample1 sample1 sample1 sample1 sample1 sample1', 'sample1 sample1 sample1 sample1 sample1 sample1 sample1 sample1 sample1 sample1 sample1 sample1 sample1 sample1 sample1 sample1 sample1 sample1 sample1 sample1', 'sample1 sample1 sample1 sample1 sample1 sample1 sample1 sample1 sample1 sample1 sample1 sample1 sample1 sample1 sample1 sample1 sample1 sample1 sample1 sample1', 'straight', 'asian', '174-184 cm', 'over 73 kg', 'auburn', 'bald', 'black', 'large', 322088400, 'A'),
(2, 'female', 'sample2 sample2 sample2 sample2 sample2 sample2 sample2 sample2 sample2 sample2 sample2 sample2 sample2 sample2 sample2 sample2 sample2 sample2', 'sample2 sample2 sample2 sample2 sample2 sample2 sample2 sample2 sample2 sample2 sample2 sample2 sample2 sample2 sample2 sample2 sample2 sample2', 'sample2 sample2 sample2 sample2 sample2 sample2 sample2 sample2 sample2 sample2 sample2 sample2 sample2 sample2 sample2 sample2 sample2 sample2', 'straight', 'asian', 'over 195 cm', 'over 73 kg', 'auburn', 'bald', 'black', 'large', 293317200, 'C'),
(3, 'female', 'sample3 sample3 sample3 sample3 sample3 sample3 sample3 sample3 sample3 sample3 sample3 sample3 sample3 sample3 sample3 sample3 sample3 sample3', 'sample3 sample3 sample3 sample3 sample3 sample3 sample3 sample3 sample3 sample3 sample3 sample3 sample3 sample3 sample3 sample3 sample3 sample3', 'sample3 sample3 sample3 sample3 sample3 sample3 sample3 sample3 sample3 sample3 sample3 sample3 sample3 sample3 sample3 sample3 sample3 sample3', 'straight', 'asian', '185-195 cm', '67-73 kg', 'auburn', 'bald', 'black', 'athletic', 298414800, 'A'),
(4, 'female', 'sample4 sample4 sample4 sample4 sample4 sample4 sample4 sample4 sample4 sample4 sample4 sample4 sample4 sample4 sample4 sample4 sample4 sample4', 'sample4 sample4 sample4 sample4 sample4 sample4 sample4 sample4 sample4 sample4 sample4 sample4 sample4 sample4 sample4 sample4 sample4 sample4', 'sample4 sample4 sample4 sample4 sample4 sample4 sample4 sample4 sample4 sample4 sample4 sample4 sample4 sample4 sample4 sample4 sample4 sample4', 'straight', 'asian', 'over 195 cm', 'over 73 kg', 'auburn', 'bald', 'black', 'athletic', 290293200, 'A'),
(5, 'female', 'sample5 sample5 sample5 sample5 sample5 sample5 sample5 sample5 sample5 sample5 sample5 sample5 sample5 sample5 sample5 sample5 sample5 sample5', 'sample5 sample5 sample5 sample5 sample5 sample5 sample5 sample5 sample5 sample5 sample5 sample5 sample5 sample5 sample5 sample5 sample5 sample5', 'sample5 sample5 sample5 sample5 sample5 sample5 sample5 sample5 sample5 sample5 sample5 sample5 sample5 sample5 sample5 sample5 sample5 sample5', 'straight', 'asian', 'over 195 cm', 'over 73 kg', 'auburn', 'bald', 'black', 'athletic', 398376000, 'A'),
(6, 'female', 'sample6 sample6 sample6 sample6 sample6 sample6 sample6 sample6 sample6 sample6 sample6 sample6 sample6 sample6 sample6 sample6 sample6 sample6', 'sample6 sample6 sample6 sample6 sample6 sample6 sample6 sample6 sample6 sample6 sample6 sample6 sample6 sample6 sample6 sample6 sample6 sample6', 'sample6 sample6 sample6 sample6 sample6 sample6 sample6 sample6 sample6 sample6 sample6 sample6 sample6 sample6 sample6 sample6 sample6 sample6', 'straight', 'asian', 'over 195 cm', 'over 73 kg', 'auburn', 'bald', 'black', 'athletic', 288046800, 'A'),
(7, 'female', 'sample7 sample7 sample7 sample7 sample7 sample7 sample7 sample7 sample7 sample7 sample7 sample7 sample7 sample7 sample7 sample7 sample7 sample7', 'sample7 sample7 sample7 sample7 sample7 sample7 sample7 sample7 sample7 sample7 sample7 sample7 sample7 sample7 sample7 sample7 sample7 sample7', 'sample7 sample7 sample7 sample7 sample7 sample7 sample7 sample7 sample7 sample7 sample7 sample7 sample7 sample7 sample7 sample7 sample7 sample7', 'gay', 'asian', 'over 195 cm', 'over 73 kg', 'auburn', 'bald', 'black', 'athletic', 353710800, 'A'),
(8, 'female', 'sample8 sample8 sample8 sample8 sample8 sample8 sample8 sample8 sample8 sample8 sample8 sample8 sample8 sample8 sample8 sample8 sample8 sample8', 'sample8 sample8 sample8 sample8 sample8 sample8 sample8 sample8 sample8 sample8 sample8 sample8 sample8 sample8 sample8 sample8 sample8 sample8', 'sample8 sample8 sample8 sample8 sample8 sample8 sample8 sample8 sample8 sample8 sample8 sample8 sample8 sample8 sample8 sample8 sample8 sample8', 'straight', 'asian', 'over 195 cm', 'over 73 kg', 'auburn', 'bald', 'black', 'athletic', 256510800, 'A'),
(9, 'female', 'sample9 sample9 sample9 sample9 sample9 sample9 sample9 sample9 sample9 sample9 sample9 sample9 sample9 sample9 sample9 sample9 sample9 sample9', 'sample9 sample9 sample9 sample9 sample9 sample9 sample9 sample9 sample9 sample9 sample9 sample9 sample9 sample9 sample9 sample9 sample9 sample9', 'sample9 sample9 sample9 sample9 sample9 sample9 sample9 sample9 sample9 sample9 sample9 sample9 sample9 sample9 sample9 sample9 sample9 sample9', 'gay', 'asian', 'over 195 cm', 'over 73 kg', 'auburn', 'bald', 'black', 'athletic', 290466000, 'A'),
(10, 'female', 'sample10 sample10 sample10 sample10 sample10 sample10 sample10 sample10 sample10 sample10 sample10 sample10', 'sample10 sample10 sample10 sample10 sample10 sample10 sample10 sample10 sample10 sample10 sample10 sample10', 'sample10 sample10 sample10 sample10 sample10 sample10 sample10 sample10 sample10 sample10 sample10 sample10', 'straight', 'asian', 'over 195 cm', 'over 73 kg', 'auburn', 'bald', 'black', 'average', 274827600, 'A'),
(11, 'female', 'sample11 sample11 sample11 sample11 sample11 sample11 sample11 sample11 sample11 sample11 sample11 sample11', 'sample11 sample11 sample11 sample11 sample11 sample11 sample11 sample11 sample11 sample11 sample11 sample11', 'sample11 sample11 sample11 sample11 sample11 sample11 sample11 sample11 sample11 sample11 sample11 sample11', 'straight', 'asian', 'over 195 cm', 'over 73 kg', 'auburn', 'bald', 'black', 'athletic', 453585600, 'A'),
(12, 'female', 'sample12 sample12 sample12 sample12 sample12 sample12 sample12 sample12 sample12 sample12 sample12 sample12', 'sample12 sample12 sample12 sample12 sample12 sample12 sample12 sample12 sample12 sample12 sample12 sample12', 'sample12 sample12 sample12 sample12 sample12 sample12 sample12 sample12 sample12 sample12 sample12 sample12', 'straight', 'asian', 'over 195 cm', 'over 73 kg', 'auburn', 'bald', 'black', 'athletic', 293144400, 'A'),
(13, 'female', 'sample13 sample13 sample13 sample13 sample13 sample13 sample13 sample13 sample13 sample13 sample13 sample13', 'sample13 sample13 sample13 sample13 sample13 sample13 sample13 sample13 sample13 sample13 sample13 sample13', 'sample13 sample13 sample13 sample13 sample13 sample13 sample13 sample13 sample13 sample13 sample13 sample13', 'straight', 'asian', 'over 195 cm', 'over 73 kg', 'auburn', 'bald', 'black', 'average', 295822800, 'A'),
(14, 'female', 'sample14 sample14 sample14 sample14 sample14 sample14 sample14 sample14 sample14 sample14 sample14 sample14', 'sample14 sample14 sample14 sample14 sample14 sample14 sample14 sample14 sample14 sample14 sample14 sample14', 'sample14 sample14 sample14 sample14 sample14 sample14 sample14 sample14 sample14 sample14 sample14 sample14', 'straight', 'asian', 'over 195 cm', 'over 73 kg', 'auburn', 'bald', 'black', 'athletic', 390513600, 'A'),
(15, 'female', 'sample15 sample15 sample15 sample15 sample15 sample15 sample15 sample15 sample15 sample15 sample15 sample15', 'sample15 sample15 sample15 sample15 sample15 sample15 sample15 sample15 sample15 sample15 sample15 sample15', 'sample15 sample15 sample15 sample15 sample15 sample15 sample15 sample15 sample15 sample15 sample15 sample15', 'straight', 'asian', 'over 195 cm', 'over 73 kg', 'auburn', 'bald', 'black', 'athletic', 327272400, 'A');

